ID,Product Name,Price
1,mug,499.00
2,notebook,899.00
3,pen,299.00
4,pen and keychain,1100.00
5,pen key,950.00
8,sr 135 perfumo set wallet perfume pen cardholder,2999.00
9,sr 139 red elastic pen diary,799.00
10,sr 144 black mars pen diary,849.00
11,sr 238 pen keychain,699.00
12,sr 242 pen cardholder,899.00
13,sr 243 2 in 1 perfumes set male female perfumes,1899.00
14,sr 264 copper bottle mug sets blue500 ml copper bottle 2 mugs,3499.00
15,sr 294 hydrox black bottle pen keychain,2299.00
16,sr 295 hydrox white bottle pen keychain,2299.00
17,sr 140 red elastic pen diary,799.00
18,sr 145 black mars pen diary,849.00
19,sr 240 pen keychain,749.00
20,sr 247 pen cardholder,949.00
21,RC 4 Piece Cup Set C 144,1000.00
22,RC 4 Piece Cup Set C 145,880.00
23,RC Advocate Set with Dome keychain Kp 112 Black,200.00
24,RC Advocate Set with Metal keychain Kp 113 Black,240.00
25,RC Bolttle Cup Set BC 146,544.00
26,RC Bolttle Cup Set BC 147,544.00
27,RC Bottle Pen Keychain Set BPK 132,400.00
28,RC Bottle Pen Keychain Set BPK 133,360.00
29,RC Cardholder Pen Keychain Set Ckp 124,192.00
30,RC Cardholder Pen Keychain Set Ckp 125,216.00
31,RC Cardholder Pen Keychain Set Ckp 126,200.00
32,RC Cardholder Pen set Cp 117,144.00
33,RC Cardholder Pen set Cp 118,136.00
34,RC Cardholder Pen Set Cp 119,136.00
35,RC Cardholder Pen Set Cp 120 Silver,104.00
36,RC Cardholder Pen Set Cp 121 Black,144.00
37,RC Cardholder Pen Set Cp 122 Grey,160.00
38,RC Cardholder Pen Set Cp 123,160.00
39,RC CA Set with Dome Keychain Kp 114 Black,200.00
40,RC CA Set with Metal Keychain Kp 115 Black,240.00
41,RC Doctor set kp 110 Golden,240.00
42,RC Doctor set kp 111 Silver,200.00
43,RC Elastic Dairy D 201,120.00
44,RC Flora Pen Set Pf 127,240.00
45,RC Hector Pen Set PH 129,240.00
46,RC Jari Dairy D 202,192.00
47,RC Jari Pen Keychain Set Kp 116 Black,176.00
48,RC Magnetic Scale Pen Set Pm 130,288.00
49,RC Magnet Pen Stand 148,176.00
50,RC Organ Pen Set Po 128,416.00
51,RC Pen-Keychain Set PK 155,96.00
52,RC Pen-Keychain Set PK 156,96.00
53,RC Pen Keychain Cardholder Set PK 153,144.00
54,RC Pen Keychain Cardholder Set PK 154,272.00
55,RC Pen Keychain Set KP 101,75.00
57,RC Pen Keychain set kp 102,104.00
58,RC Pen Keychain set kp 103,120.00
59,RC Pen Keychain set kp 104,80.00
60,RC Pen Keychain set kp 105,72.00
61,RC Pen Keychain set kp 106 Crock,152.00
62,RC Pen Keychain set kp 107 Wooden,112.00
63,RC Pen Keychain set kp 108 Black,280.00
64,RC Pen Keychain set kp 109 Mettalic Golden,320.00
65,RC Pen Keychain Set PK-149,192.00
66,RC Pen Keychain Set PK 150,112.00
67,RC Pen Keychain Set PK 151,56.00
68,RC Pen Keychain Set PK 152,77.00
69,RC Thermos Cup Set Tc 131,1360.00
70,RC 2 in 1 Black Crock Diary Set DP 313,304.00
71,RC 2 in 1 Button Dairy Set DP 303,360.00
73,RC 2 in 1 Capsule Magnet Diary Set,352.00
77,RC 2 in 1 Crock Diary Set DP 312,288.00
78,RC 2 in 1 Elastic Diary Set DP 301,224.00
83,RC 2 in 1 Emboss Magnet  Diary-Set DP 310,384.00
85,RC 2 in 1 Flip Magnet Dairy Set DP 304,384.00
87,RC 2 in 1 Flip Slim Magnet Diary Set DP 317,400.00
89,RC 2 in 1 Golden Border Magnet Diary Set,352.00
93,RC 2 in 1 Jari Diary Set,352.00
96,RC 2 in 1 Magnet Diary Set DP 302,320.00
101,RC 2 in 1 Mobile Pocket Diary Set Dp 309,352.00
105,RC 2 in 1 Mobile Pocket Magnet Dairy Set DP 308,384.00
109,RC 2 in 1 Mobile Pouch with Button Diary Set DP 319,568.00
111,RC 2 in 1 Round Magnet Diary Set DP 306,352.00
114,RC 2 in 1 Slim Magnet Diary Set DP 314,352.00
116,RC 2 in 1 U Clip Magnet Diary Set DP 316,352.00
119,RC 2 in 1 Wooden Diary Set DP 311,272.00
120,RC 3 in 1 Capsule Magnet Diary Set DBP 406,600.00
122,RC 3 in 1 Capsule Magnet Diary with Keychain Set DKP 416,368.00
126,RC 3 in 1 Crock Diary with Keychain Set DKP 420,360.00
127,RC 3 in 1 Diary With Keychain & Cardholder Set DKP 421,336.00
132,RC 3 in 1 Elastic Diary Set DBP 402,464.00
136,RC 3 in 1 Elastic Diary with Flip Cup Set DCP 411,656.00
140,RC 3 in 1 Elastic Diary with Keychain Set DKP 413,288.00
145,RC 3 in 1 Elastic Diary with Sport Bottle Set DBP 403,560.00
149,RC 3 in 1 Golden Border Magnet Diary Set DBP 404,600.00
152,RC 3 in 1 Magnet Diary Set DBP 405,600.00
155,RC 3 in 1 Magnet Diary with Flip Cup Set DCP 412,720.00
158,RC 3 in 1 Magnet Diary with Keychain Set DKP 414,368.00
162,RC 3 in 1 Magnet Diary with Oval Cup Set DCP 410,680.00
163,RC 3 in 1 Mobile Pocket Magnet Diary with Keychain Set DKP 415,400.00
167,RC 3 in 1 Wooden Bottle Diary Set DBP 407,768.00
168,RC 3 in 1 Wooden Cup with Diary Set DCP 409,768.00
169,RC 3 in 1 Wooden Diary with Calender Set DLCP 419,480.00
170,RC 3 in 1 Wooden Diary with Glass Bottle Set DBP 408,560.00
171,RC 3 in 1 Wooden Diary with Keychain Set DKP 417 Wooden Natural,440.00
172,RC 4 in 1 Bottle Capsule Magnet Diary Set DBKP 507,680.00
174,RC 4 in 1 Bottle Cup Pen Keychain Set BCPK 517,480.00
175,RC 4 in 1 Bottle Elastic Diary Set DBKP 502,608.00
179,RC 4 in 1 Bottle Magnet Diary Set DBKP 504,680.00
182,RC 4 in 1 Bottle Mobile Pocket Diary Set DBKP 506,680.00
184,RC 4 in 1 Bottle Mobile Pocket Magnet Diary Set DBKP 505,720.00
186,RC 4 in 1 Bottle Pendrive Elastic Diary Set DBPP 513,880.00
190,RC 4 in 1 Bottle Round Magnet Diary Set DBKP 508,680.00
191,RC 4 in 1 Cardholder Button Diary Set DCPK 526,520.00
193,RC 4 in 1 Cardholder Elastic Diary Set DCPK 522,448.00
197,RC 4 in 1 Cardholder Jari Magnet Diary Set DCPK 529,520.00
199,RC 4 in 1 Cardholder Magnet Diary Set DCPK 523,512.00
201,RC 4 in 1 Cardholder Mobile Pocket Diary Set DCPK 525,520.00
203,RC 4 in 1 Cardholder Mobile Pocket Magnet Diary Set DCPK 524,560.00
206,RC 4 in 1 Cardholder Oval Cup Elastic Diary Pen Set DCPC 518,720.00
207,RC 4 in 1 Cardholder Pocket Diary Set DCPK 520,448.00
208,RC 4 in 1 Cardholder Pocket Diary Set DCPK 521,448.00
209,RC 4 in 1 Cardholder Slim Magnet Diary Set DCPK 527,520.00
210,RC 4 in 1 Cardholder Wooden Diary Set DCPK 530,520.00
211,RC 4 in 1 Elastic Diary with Sport Bottle Set DBKP 503,640.00
213,RC 4 in 1 Flip Cup Keychain Elastic Diary Set DCKP 515,680.00
216,RC 4 in 1 Flip Cup Keychain Magnet Diary Set DCKP 516,760.00
218,RC 4 in 1 Flip Cup Pendrive Elastic Diary Set DCPP 514,1000.00
221,RC 4 in 1 Glass Bottle Crock Diary Set DBKP 510,624.00
222,RC 4 in 1 Glass Cup Glass Bottle Elastic Diary Pen Set DCBP 519,1160.00
223,RC 4 in 1 Wooden Bottle Diary Set DBKP 511,840.00
224,RC 4 in 1 Wooden Glass Bottle Diary Set DBKP 512,680.00
225,RC 4 in 1  Cardholder U Clip Magnet Diary Set DCPK 528,520.00
227,RC Big Square Magnet Diary D 220 Brown Marble,192.00
228,RC Big Square Magnet Diary D 220 Green Marble,192.00
229,RC Big Square Magnet Diary D 220 Yellow Marble,192.00
230,RC Black Half Crock Diary D 213,192.00
235,RC Bottle Travel Pouch Pen Set BTP 401,608.00
237,RC Button Diary D 204,216.00
238,RC Capsule Diary D 215,208.00
250,RC Crock Diary D 212,176.00
253,RC Emboss Magnet Diary D 210,264.00
255,RC Flip Magnet Diary D 206,248.00
256,RC Flip Slim Magnet Diary D 217,264.00
258,RC Golden Border Magnet Diary D 207,208.00
264,RC Magnet Diary D 203,192.00
268,RC Mobile Packet Diary D 209,208.00
271,RC Mobile Packet Magnet Diary D 208,248.00
273,RC N CRW Diary D 222,280.00
274,RC N CSM Diary D 221,272.00
275,RC N CSP Diary D 224,264.00
276,RC N CWA Diary D 225,288.00
277,RC Organizer N STPD 332,3360.00
278,RC Organizer N TRB 0-320,1040.00
279,RC Organizer N TRP 0-322,880.00
280,RC Organizer N TSS 0-321,0.00
281,RC Organizer P SRCA 0-323,448.00
295,RC Powerbank Diary N RAPD 325,2560.00
296,RC Powerbank Diary N RBPD 327,2560.00
297,RC Powerbank Diary N RCPD 328,3040.00
298,RC Powerbank Diary N RMPD 330,3520.00
299,RC Powerbank Diary N RPPD 329,2960.00
300,RC Powerbank Diary N RSPD 324,2480.00
301,RC Powerbank Diary N RTPD 326,2960.00
302,RC Powerbank Diary N SAPD 331,2320.00
303,RC Powerbank Diary PD 333,1120.00
306,RC Round Magnet Diary D 205,208.00
309,RC Slim Magnet Diary D 214,224.00
311,RC U Clip Diary D 216,208.00
314,RC Wooden Diary D 211,192.00
315,RC Marble Design Pen - 2026,320.00
321,RC 05 Pen Stand 1409,416.00
322,RC 1003 Pen Stand 1425,448.00
323,RC 1067 Pen Stand 1422,272.00
324,RC 10 Pen Stand 1410,400.00
325,RC 18 Pen Stand 1405,560.00
326,RC 18 Pen Stand Advovcate 1404,368.00
327,RC 18 Pen Stand CA 1402,368.00
328,RC 18 Pen Stand Doctor 1403,368.00
329,RC 18 Pen Stand Teacher 1401,368.00
330,RC 2008 Pen Stand 1421,176.00
331,RC 2008 with Watch Pen Stand 1427,240.00
332,RC 2016 Pen Stand 1426,176.00
333,RC 2043 Pen Stand 1419,288.00
334,RC 2750 Pen Stand 1413,448.00
335,RC 2 in 1 Set 1058,240.00
340,RC 3 in 1 set 1057,208.00
345,RC 4 in 1 Cardholder Black Crock Diary Set DCPK 531,520.00
346,RC 4 in 1 Cardholder Bullet Diary Set DCPK 535,560.00
347,RC 4 in 1 Cardholder Crock Diary Set DCPK 532,520.00
348,RC 4 in 1 Cardholder Jute Diary Set DCPK 536,544.00
349,RC 4 in 1 Cardholder Magnet Flip Diary Set DCPK 534,560.00
351,RC 4 in 1 Cardholder Slim Flip Magnet Diary Set DCPK 533,560.00
353,RC 4 in 1 Elastic Diary Pendrive Laptop Stand Pen Set DLPP 537,880.00
354,Rc 4 in 1 gents set 1052,256.00
358,RC 4 in 1 Ladies Set 1051,400.00
362,RC 4 in 1 Magnet Diary Keychain Mouse Pen Set DMPK 539,720.00
363,RC 4 in 1 Magnet Diary Keychain Purse Pen Set DPPK 540,560.00
364,RC 4 in 1 Powerbank Pendrive Mouse Pen Set PPMP 538,1680.00
365,RC 5010 pen Stand With light 1400,520.00
366,RC 5143 Pen  Stand 1420,288.00
367,RC 5153 Pen Stand 1418,208.00
368,RC 5154 Pen Stand 1417,184.00
369,RC 5202 Pen Stand 1416,208.00
370,RC 5202 Pen Stand 1423,216.00
371,RC 5204 Pen Stand 1424,256.00
372,RC 5 in 1 Black Crock Diary Cardholder Bottle Pen Keychain Set DBKPC 605,864.00
373,RC 5 in 1 Black Crock Diary Flip Cup Bottle Pen Keychain Set DBKPC 608,1440.00
374,RC 5 in 1 Capsule Magnet Diary Cardholder Bottle Pen Keychain Set DBKPC 610,880.00
375,RC 5 in 1 Crock Diary Cardholder Bottle Pen Keychain Set DBKPC 607,864.00
376,RC 5 in 1 Elastic Diary Set DBKPC 601,760.00
381,RC 5 in 1 Elastic Diary with Flip Cup Set DBKPC 603,1088.00
384,RC 5 in 1 Magnet Diary Cardholder Powerbank Pen Keychain Set DBKPC 611,1120.00
385,RC 5 in 1 Magnet Diary Set DBKPC 602,88.00
388,RC 5 in 1 Slim Magnet Diary Cardholder Bottle Pen Keychain Set DBKPC 609,880.00
389,RC 5 in 1 Wooden Diary Cardholder Bottle Pen Keychain Set DBKPC 606,864.00
390,RC 6008 Pen Stand 1414,288.00
391,RC 6021 Pen Stand 1415,304.00
392,RC 6045 Pen Stand 1411,352.00
393,RC 6061 Pen Stand 1412,288.00
394,RC 6065 Pen Stand 1406,368.00
395,RC 6081 Pen Stand 1407,312.00
396,RC 6 in 1 Crock Diary Bottle Cup Cardholder Pen Keychain Set DBCCPK 710,1680.00
397,RC 6 in 1 Elastic Diary Bottle Apple  Cup Mobile Stand Pen Keychain Set DBCMPK 712,1120.00
401,RC 6 in 1 Elastic Diary Bottle Dryfruit Cardholder Pen Keychain Set DBDCPK 708,1200.00
402,RC 6 in 1 Elastic Diary Bottle P Cup Cardholder Pen Keychain Set DBCCPK 709,1360.00
403,RC 6 in 1 Elastic Diary Steel Cup Bottle Pen Keychain Set DBKPC 604,1120.00
404,RC 6 in 1 Gold Plated Magnet Diary Bottle Mobile Stand Cup Pen Keychain Set DBMCPK 704,1480.00
405,RC 6 in 1 Magnet Diary Bottle Dryfruit Cardholder Pen Keychain Set DBDCPK 706,1280.00
406,RC 6 in 1 Magnet Diary Bottle Mouse Cardholder Pendrive Pen Set DBMCPP 705,1680.00
407,RC 6 in 1 Magnet Diary Warm Bottle Oval Cup Pen Keychain Cardholder Set DBCKPC 701,1120.00
408,RC 6 in 1 Organizer Bottle Mobile Stand Cup Pen Keychain Set OBMCPK 707,2080.00
409,RC 6 in 1 Wooden Diary Bottle Cup Cardholder Pen Keychain Set DBCCPK 711,2000.00
410,RC 6 in 1 Wooden Diary Powerbank Bottle Pen Keychain Pendrive Set DPBPKP 702,4000.00
411,RC 6 in 1 Wood Plated Magnet Diary Bottle Mobile Stand Cup Pen Keychain Set DBMCPK 703,1560.00
412,RC 7004 Pen Stand 1428,240.00
413,RC 7 in 1 Elastic Diary Card Holder Mobile Stand  Bottle Powerbank Pen Keychain Set DCPKMPB 713,1280.00
414,RC 7 in 1 Elastic Diary Mobile Stand Bottle Mouse Cup Pen Keychain Set DMPKCBM 719,1696.00
415,RC 7 in 1 Elastic Diary Mobile Stand Bottle Mouse Cup Pen Pendrive Set DMPPCBM 717,1632.00
416,RC 7 in 1 Elastic Diary Mobile Stand Bottle Mouse Powerbank Pen Pendrive Set DMPPPBM 718,1936.00
417,RC 7 in 1 Elastic Diary Mobile Stand Bottle  Cup Cardholder Pen Keychain Set DCPKCMB 714,1120.00
418,RC 7 in 1 Elastic Diary Mobile Stand Bottle  Cup Cardholder Pen Pendrive Set DCPPBCM 716,1280.00
419,RC 7 in 1 Elastic Diary Mobile Stand Bottle  Powerbank Cardholder Pendrive Pen Set DCPPBMP 715,1568.00
420,RC 7 in 1 Magnet Diary Bottle Cup Mobile Stand Cardholder Pen Keychain Set DBCMCPK 720,1640.00
421,RC Belt Purse Bottle Set BBP 817,624.00
422,RC Belt Purse Set BP 818,288.00
427,RC Big Size Passport Holder 1053,176.00
431,RC Black Diamond pen 2016,72.00
432,RC BTC 4230 Pen Stand 1453,416.00
433,RC BTC 4240 Pen Stand 1454,416.00
434,RC BTC 4243 Pen Stand 1455,720.00
435,RC BTC 439 Pen Stand 1452,880.00
436,RC Calender Pen 2038,32.00
441,RC Cardholder 1201,72.00
442,RC Cardholder 1202,96.00
443,RC Cardholder 1203,72.00
444,RC Cardholder 1204,88.00
445,RC Cardholder 1205,72.00
446,RC Cardholder 1206,72.00
447,RC Cardholder 1207,48.00
448,RC Cardholder 1208,72.00
449,RC Cardholder 1209,72.00
450,RC Cardholder 1210,64.00
451,RC Cardholder 1211,72.00
452,RC Cardholder 1213,72.00
453,RC Cardholder 1214,72.00
454,RC Cardholder 1215,72.00
455,RC Cardholder 1216,80.00
456,RC Cardholder 1217,72.00
457,RC Cardholder 1218,96.00
458,RC Cardholder 1220,96.00
459,RC Cardholder 1221,72.00
460,RC Cardholder 1222,72.00
461,RC Cardholder 1223,72.00
462,RC Cardholder 1224,72.00
463,RC Cardholder 1225,72.00
464,RC Cardholder 1226,72.00
465,RC Cardholder 1227,72.00
466,RC Cardholder 1228,72.00
467,RC Cardholder 1229,112.00
468,RC Cardholder 1230,72.00
469,RC Cardholder 1231,88.00
470,RC Cardholder 1232,80.00
471,RC Cardholder 1233,88.00
472,RC Cardholder 1234,128.00
474,RC Coffee Pen 2036,80.00
475,RC Container Pen Stand 1398,480.00
479,RC Container Pen Stand 1399,520.00
480,RC Crosi Pen 2030,128.00
481,RC Crown Pen 2031,120.00
484,RC Cup 1200ML 913,520.00
489,RC Cup 896,608.00
493,RC Cup 897,520.00
495,RC Cup 897 Green&Red,520.00
496,RC Cup 897 pink&blue,520.00
497,RC Cup 898,288.00
501,RC Cup 899,288.00
502,RC Cup 900 black,384.00
503,RC Cup 900 stainless steel,384.00
504,RC Cup 901,208.00
505,RC Cup 902,208.00
506,RC Cup 903,360.00
507,RC Cup 904,448.00
508,RC Cup 905,464.00
509,RC Cup 906,384.00
510,RC Cup 907,384.00
511,RC Cup 908,304.00
512,RC Cup 909,336.00
513,RC Cup 90ML 999,448.00
518,RC Cup 910,192.00
519,RC Cup 911,264.00
520,RC Cup 912,448.00
521,RC Cup 914,96.00
523,RC Cup 915,352.00
526,RC Cup 915 Steel,352.00
527,RC Cup 916 Black,480.00
528,RC Cup 917 White,480.00
529,RC Cup 918,232.00
530,RC Cup 919,232.00
531,RC Cup 922,240.00
532,RC cup 923,240.00
533,RC Cup 924,296.00
534,RC Cup 925,296.00
535,RC Cup 926,280.00
536,RC Cup 927,280.00
537,RC Cup 928,304.00
538,RC Cup 929,304.00
539,RC Cup 930,240.00
540,RC Cup 931,240.00
541,RC Cup 932,240.00
542,RC Cup 933,240.00
543,RC Cup 934,264.00
544,RC Cup 935,264.00
545,RC Cup 936,232.00
546,RC Cup 937,232.00
547,RC Cup 938,336.00
548,RC Cup 939,336.00
549,RC Cup 940,400.00
554,RC Cup 985,160.00
555,RC Cup 986,240.00
556,RC Cup 987,400.00
559,RC Cup 988,400.00
561,RC Cup 989,448.00
563,RC Cup 989 darkgreen,448.00
570,RC Cup 990,352.00
573,RC Cup 991 pink&black,520.00
574,RC Cup 991 pink&green,520.00
575,RC Cup 991 purple&teal,520.00
576,RC Cup 991 purple&white,520.00
577,RC Cup 992,384.00
578,RC Cup 993,240.00
581,RC Cup 994,128.00
583,RC Cup 995,96.00
585,RC Cup 996,96.00
589,RC Cup 997,240.00
591,RC Cup 998,96.00
594,RC Deskstick Pen 2047,56.00
595,RC Diamond Lower Pen 2019 ,96.00
596,RC Diamond Uper Pen 2025 ,48.00
597,RC Digital Pen Stand Square 1440,288.00
598,RC Engineering Pen 2044,48.00
599,RC Golden Gripper Pen 2029,64.00
600,RC Golden Ring Mini Pen 2035,208.00
601,RC Handicraft Design Gold Pen 2013,96.00
602,RC Handicraft Design Silver Pen 2014,96.00
603,RC Heavy Box Purse Belt Cardholder Set PB 803,1520.00
604,RC Heavy Box Purse Belt Set PB 802,960.00
605,RC Hub with Pen Stand 1445,352.00
606,RC Ipad Puch 1055,360.00
610,RC Jari Pen Black 2018 ,61.00
611,RC Jari Pen Blue 2017 ,72.00
612,RC Keychain 1101,24.00
613,RC Keychain 1102,24.00
614,RC Keychain 1103,24.00
615,RC Keychain 1104,38.00
616,RC Keychain 1105,24.00
617,RC Keychain 1106,24.00
618,RC Keychain 1107,30.00
619,RC Keychain 1108,37.00
620,RC Keychain 1109,24.00
621,RC Keychain 1110,45.00
622,RC Keychain 1111,45.00
623,RC Keychain 1112,48.00
624,RC Keychain 1113,56.00
625,RC Keychain 1114,51.00
626,RC Keychain 1115,51.00
627,RC Keychain 1116,51.00
628,RC Keychain 1117,51.00
629,RC Keychain 1118,51.00
630,RC Keychain 1119,51.00
631,RC Keychain 1120,51.00
632,RC Keychain 1121,51.00
633,RC Keychain 1122,54.00
634,RC Keychain 1123,72.00
635,RC Keychain 1124,72.00
636,RC Keychain 1125,51.00
637,RC Keychain 1126,51.00
638,RC Keychain 1127,51.00
639,RC Keychain 1128,51.00
640,RC Keychain 1129,51.00
641,RC Keychain 1130,51.00
642,RC Keychain 1131,51.00
643,RC Keychain 1132,13.00
648,RC Keychain 1133,62.00
649,RC Keychain 1134,61.00
650,RC Keychain 1135,14.00
651,RC Keychain 1136,16.00
652,RC Keychain 1137,18.00
653,RC Keychain 1138,38.00
654,RC Keychain 1139,35.00
655,RC Keychain 1140,40.00
658,RC Laser Pen 2046,128.00
659,RC Led Pen 2042,40.00
664,RC Lining Pattern Pen 2027,61.00
667,RC M523 BTC4225 Pen Stand 1456,272.00
668,RC M633 Pen Stand 1457,416.00
669,RC Magnetic Closure Cap Pen 2033,168.00
670,RC MDF Box'-Purse Belt Set PB 801,880.00
671,RC MDF Box Purser Belt Cardholder Set PB 804,1360.00
672,RC Mini Roller Pen 2032,96.00
673,RC Mobile Stand Pen Cap 2039,13.00
678,RC Mobile Stand Pen Keychain Set MPK 816,192.00
680,RC Mobile Stand Pen Rotate 2040,13.00
685,RC Multifunctional Pen 2048,88.00
687,RC Paper Folder 1056,256.00
691,RC PAP 1102 Ashokstambh 1436,464.00
692,RC PAP 1106 Ashokstambh 1438 big,288.00
693,RC PAP 1106 Ashokstambh 1439 small,288.00
694,RC Passport Cover with-Luggage Tag Set PL 815 Baby Pink,240.00
695,RC Passport Cover with-Luggage Tag Set PL 815,240.00
699,RC Passport Cover with-Luggage Tag Set PL 815 Light Blue,240.00
703,RC Pen Stand 1408,360.00
704,RC Pen Stand Jari 1442,448.00
705,RC Pen Stand Jari 1443,448.00
706,RC Plastic Pen Stand Square 1444,96.00
707,RC Plastic Tik Tik Pen 2043,6.00
712,RC PLT 2006 Antic Colour Pen Stand 1432,608.00
713,RC PLT 2006 Pen Stand 1431,560.00
714,RC PLT 2009 Fish Design with Watch Pen Stand 1429,560.00
715,RC PLT 2023 Rupees Pen Stand 1435,400.00
716,RC PLT 2027 Pen Stand 1434,400.00
717,RC PLT 2029 Fish Design Pen Stand 1430,400.00
718,RC PLT 2030 Ashoka Pen Stand 1433,400.00
719,RC Purse Keychain Set PK 807,96.00
721,RC Purse Keychain Set PK 808,248.00
723,RC Purse Pen Cardholder Keychain Set PPCk 814,496.00
724,RC Purse Pen Set PP 806,112.00
726,RC Purse Pen Set PP 809,272.00
728,RC Purse Pen Set PP 811,320.00
729,RC Rotate Pen Stand Jari 1441,400.00
730,RC Round Pen Stand 1451,400.00
731,RC Round Pen Stand Jari 1450,96.00
732,RC Screwdriver Pen 2045,40.00
733,RC Shine Grey Body Magnetic Cap Pen 2028,224.00
734,RC Speed Pen Golden Clip 2015,48.00
736,RC Thick Plastic Pen 2037,6.00
740,RC Tik tik Curve Pen 2041,6.00
743,RC Travel Pouch 1054,176.00
744,RC Uper Thick Body Gold Clip Pen 2012,320.00
745,RC Wooden Pen Stand A1428,200.00
746,RC  Wooden Pen Stand 1447,560.00
747,RC  Wooden Pen Stand 1449,560.00
748,RC  Wooden Rotate Pen Stand 1446,400.00
749,RC  Wooden Rotate with Clock Pen Stand 1448,480.00
763,RC 4 in 1 Glass Bottle Black Crock Diary Set DBKP 509,640.00
764,RC 4 in 1 Powerbank Diary Set PD 501,4000.00
766,RC Big Square Magnet Diary D 220 Black Marble,192.00
767,RC Big Square Magnet Diary D 220 Red Marble,192.00
786,clock with pen stand,320.00
787,Corporate Table Top Pen & Mobile Stand,400.00
788,Cricket Gift pen stand,560.00
789,Leather USB Drive,0.00
791,multicolor Analog Desktop Organizer Set with calendar,304.00
796,Perpetual Calendar Pen Holder with LCD display digital clock pen holder,240.00
797,RC -  Black Certicate Folder (Landscape) - 1501,336.00
798,RC -  Black Certicate Folder (Portrait) - 1502,336.00
799,RC -  Brown Certicate Folder (Landscape)- 1503,336.00
800,RC -  Rabit Temperature Bottle - 1880,224.00
801,RC -  Submarine Pen Stand  -1471,696.00
802,RC - 003 Bottle - 1904,288.00
803,RC - 10000MH Powerbank - 1640,640.00
804,RC - 10000MH Powerbank - 1641,640.00
805,RC - 1200ml Bottle - 1925,640.00
808,RC - 2 in 1 Bottle with Glass - 1927,176.00
810,RC - 2 in 1 Sport Bottle - 1945,256.00
813,RC - 2200ml Bottle - 1921,800.00
814,RC - 90 Degree Mobile Stand - 1719,240.00
815,RC - Aluminium bottle 750ml 1825,144.00
816,RC - Aluminium bottle 750ml 1826 white,144.00
817,RC - Aluminium bottle 750ml 1827 Red,144.00
818,RC - Aluminium bottle 750ml 1828 blue,144.00
819,RC - Aluminium Colourful  Cap Bottle - 1909,192.00
821,RC - Bamboo Bottle (450ml) - 1841,400.00
822,RC - Blue Copper Set - 1934,1560.00
823,RC - Borosil Glass Bottle(1Ltr) - 1858,448.00
824,RC - Borosil Shape bottle 600ml 1824,544.00
825,RC - Borosil Shape bottle 800ml 1823,608.00
826,RC - Brown Certicate Folder (Portrait)- 1504,336.00
827,RC - BTC 4231 Pen Stand - 1462,640.00
828,RC - BTC 4269 Pen Stand - 1465,720.00
829,RC - BTC 4299 Pen Stand - 1461,560.00
830,RC - Cola bottle 500ml 1835,288.00
831,RC - Cola bottle 500ml 1836,288.00
832,RC - Cola bottle((1litr)1816,176.00
833,RC - Cola Steel Bottle (1Ltr) - 1837,448.00
834,RC - Cola Steel Bottle (500Ltr) - 1839,264.00
835,RC - Cola Steel Bottle (750ml) - 1838,400.00
836,RC - Colour Copper Bottle - 1928,768.00
839,RC - Colour Copper Set - 1937,1240.00
840,RC - Copper Glass - 1933,192.00
841,RC - Copper Printed Pot - 1931 (1),1040.00
842,RC - Copper Printed Pot - 1931 (2),1040.00
843,RC - Copper Set - 1935,1104.00
844,RC - Cow bottle (1liter) 1814,176.00
845,RC - Cow Handle bottle 750ml 1833,216.00
846,RC - Cow Handle bottle 750ml 1834,232.00
849,RC - Cute Rabbit Bottle - 1887,80.00
850,RC - Cute Rabbit Bottle - 1887 cream,80.00
852,RC - Damroo bottle 1815,176.00
853,RC - Dual colour Bottle - 1876,224.00
854,RC - Ecofriendly Bottle - 1924,320.00
856,RC - Foldable & Adjustable Mobile Stand black 1714,64.00
857,RC - Foldable & Adjustable Mobile Stand white 1715,64.00
858,RC - Foldable Metal Mobile Stand - 1712,120.00
859,RC - Foldable Plastic Mobile Stand - 1713,96.00
860,RC - Glass Bottle with Sleeve (500ml) - 1847,216.00
861,RC - Glass Bottle(1Ltr) - 1859,288.00
862,RC - Golden Handle Bottle - 1908,320.00
864,RC - Gripper Glass Green Tea Bottle - 1883,560.00
866,RC - Handle Straight (750ml)1819,160.00
867,RC - Handle Straight bottle (750ml)1820,200.00
868,RC - Jute File - 1505,352.00
869,RC - Jute File - 1506,376.00
870,RC - Jute File - 1507,416.00
871,RC - Jute File - 1508,440.00
872,RC - Jute Natural Bag - 1509,440.00
873,RC - Jute White File - 1510,440.00
874,RC - Lighter Shape Water Bottle - 1941,288.00
877,RC - M540 Pen Stand - 1464,440.00
878,RC - Mobile Stand Golden 1706,288.00
879,RC - Mobile Stand Hola - 1703,64.00
880,RC - Mobile Stand with Card Holder & back pen stand 1718,192.00
881,RC - Mobile Stand with Card Holder silver 1704,120.00
882,RC - Mobile Stand with Card Holder,88.00
883,RC - Mobile Stand with Paper Holder &pen stand 1720,240.00
884,RC - Mobile Stand with Pen Stand black 1707,136.00
885,RC - Mobile Stand with Pen Stand silver 1708,152.00
886,RC - Mobile Stand without Card Holder black 1702,72.00
887,RC - Mobile Stand without Card Holder silver 1705,88.00
888,RC - Mobile Stand without Paper Holder with pen stand 1721,200.00
889,RC - Morning Bottle (1Ltr) - 1845,416.00
890,RC - Morning Bottle (1Ltr) - 1846,416.00
891,RC - Motivation bottle 900ml 1829,176.00
892,RC - Multi Colour Cola Bottle - 1878,400.00
894,RC - My Bottle 500ml - 1891,240.00
896,RC - Paper Holder Mobile Stand - 1717,136.00
897,RC - Pendrive - 1601,0.00
898,RC - Pendrive - 1602,0.00
899,RC - Pendrive - 1603,0.00
900,RC - Pendrive - 1604,0.00
901,RC - Pendrive - 1605,0.00
902,RC - Pendrive - 1606,0.00
904,RC - Pendrive - 1607,0.00
905,RC - Pendrive - 1608,0.00
906,RC - Pendrive - 1609,0.00
907,RC - Pendrive - 1611,0.00
908,RC - Pendrive - 1612,0.00
909,RC - Pendrive - 1613 white,0.00
910,RC - Pendrive - 1614 black,0.00
911,RC - Pendrive - 1615,0.00
912,RC - Pendrive - 1621,0.00
916,RC - Pendrive - 1622,0.00
917,RC - Pendrive - 1623,0.00
918,RC - Pendrive - 1624,0.00
919,RC - Pendrive - 1626,0.00
920,RC - Pendrive - 1627blue,0.00
921,RC - Pendrive - 1628,0.00
922,RC - Pendrive - 1629,0.00
923,RC - Pendrive - 1630,0.00
924,RC - Pendrive - 1631,0.00
925,RC - Pendrive - 1632,0.00
926,RC - Pendrive - 1633,0.00
927,RC - Pendrive - 1634,0.00
928,RC - Pendrive - 1635,0.00
930,RC - Pendrive - 1636 wood,0.00
931,RC - Pendrive - 1637,0.00
932,RC - Pendrive - 1638,0.00
933,RC - Pendrive - 1639,0.00
934,RC - Pendrive Box - 1618,0.00
935,RC - Pendrive Box - 1620,0.00
936,RC - Plastic Bottle - 1946 blac,288.00
937,RC - Plastic Bottle - 1946,288.00
939,RC - Pouch  Bottle (500ml) - 1840,448.00
940,RC - Printed Cola Bottle - 1877 green,336.00
941,RC - Printed Copper Bottle - 1932 black,688.00
942,RC - Printed Copper Bottle - 1932 golden,688.00
943,RC - Printed Copper Set - 1936,1200.00
944,RC - Q7 Copper Bottle - 1930,608.00
945,RC - Ring Bottle (500ml) - 1853,416.00
947,RC - Ring Bottle (500ml) - 1855,416.00
948,RC - Rope bottle 1811,256.00
949,RC - Rope bottle 1812,256.00
950,RC - Rotate Metal Mobile Stand - 1709,88.00
951,RC - Rotate Plastic Mobile Stand 1711,72.00
952,RC - Rotate Plastic Mobile Stand black 1710,72.00
953,RC - Rubber coated bottle 1807,352.00
954,RC - Rubber coated bottle 1808,352.00
955,RC - Rubber coated bottle 1809,352.00
956,RC - Rubber coated bottle 1810,352.00
957,RC - Rubber Coated Wooden Cap Bottle - 1862,416.00
958,RC - Rubber Coated Wooden Cap Bottle - 1863,416.00
959,RC - Sipper Bottle - 1926,640.00
961,RC - Slim Long Bottle - 1911,240.00
962,RC - Slim Long Bottle - 1911 golden,240.00
965,RC - Sport (1ltr) Bottle - 1907,496.00
968,RC - Sport (800ltr) Bottle - 1906,464.00
972,RC - Sport bottle 1813,176.00
973,RC - Sport bottle 750ml 1830,176.00
974,RC - Sport bottle 750ml 1831,216.00
975,RC - Sport bottle 750ml 1832,216.00
976,RC - Sport Rubber Bottle (500ml) - 1856,352.00
977,RC - Sport Rubber Bottle (500ml) - 1857,352.00
978,RC - Spot Copper Bottle - 1929,680.00
979,RC - Spray Bottle - 1950,192.00
982,RC - Steel  Bottle - 1848,192.00
985,RC - Steel Glass without Clip - 1922,176.00
987,RC - Steel Glass without Clip - 1923,160.00
989,RC - Straight bottle(1litr)1818,176.00
990,RC - Straight Vaccum Bottle - 1918 black,288.00
991,RC - Straight Vaccum Bottle - 1918pink,288.00
992,RC - Teddy Bottle - 1940 orangeblue,288.00
993,RC - Teddy Bottle - 1940,288.00
994,RC - Temperature bottle 1801,192.00
995,RC - Temperature bottle 1802 ,192.00
996,RC - Temperature bottle 1803,192.00
997,RC - Temperature bottle 1804,176.00
998,RC - Thermos Bottle - 1910,256.00
1000,RC - Thick Bottle - 1920,288.00
1001,RC - Thorn Shaped Bottle - 1938,120.00
1003,RC - Transperant cup bottle 1805,320.00
1004,RC - Transperant cup bottle 1806,320.00
1005,RC - Vaccum Handle Bottle(500ml) - 1860,480.00
1006,RC - Vaccum Handle Bottle(500ml) - 1861,480.00
1007,RC - Warm bottle 500ml 1822,352.00
1008,RC - Warm Handle bottle 500ml 1821,320.00
1010,RC - Without Temperature  Bottle (500ml) - 1849,200.00
1011,RC - Without Temperature  Bottle (500ml) - 1852,200.00
1012,RC - Without Temperature Bottle (500ml) - 1850,200.00
1013,RC - Without Temperature Bottle (500ml) - 1851,200.00
1014,RC - Wooden Cap Handle Bottle (500ml) - 1842,400.00
1015,RC -M648 Pen Stand - 1460,480.00
1016,RC Heavy Flask Set (500ml) - 1871,448.00
1017,RC Heavy Flask Set (500ml) - 1872,448.00
1018,RC Vaccum Flask Set (500ml) - 1865,272.00
1019,RC Vaccum Flask Set (500ml) - 1866,272.00
1020,RC Vaccum Flask Set (500ml) - 1867,272.00
1021,RC Vaccum Flask Set (500ml) - 1868,272.00
1022,RC Vaccum Flask Set (500ml) - 1869,272.00
1023,RC Vaccum Flask Set (500ml) - 1870,272.00
1024,RC 12 Pen 1982,22.00
1028,Rc 3 Hole Pen 1965,38.00
1031,RC 3 in 1 Bottle 1951,288.00
1032,RC Advocate Pen 1998,144.00
1033,RC Bamboo Pen 1967,21.00
1034,RC Bamboo Touch Pen 1963,24.00
1035,RC Big Clip Pen 1969,64.00
1036,RC Big Top 2 Ring Pen 1990,56.00
1043,RC Big TOP Pen Golden Clip 1971,43.00
1045,RC Big Top Pen Mettalic Black 1970,40.00
1046,RC Big Top Pen Silver Clip 1972,40.00
1049,RC Big Top single Ring Golden Pen 1992 ,88.00
1050,RC Bottle A1954,400.00
1051,RC CA Pen 1999,144.00
1052,RC Coffee 2 in 1 Pen 1989 ,176.00
1053,RC Colourful Touch Pen 1995,45.00
1055,RC Crock Pen 1964,48.00
1056,RC Design Pen 1991,80.00
1058,RC Diamond Golden Pen 2009 ,96.00
1059,RC Doctor Golden Pen 1997,88.00
1060,RC Doctor Silver Pen 1996,56.00
1061,RC Eco Friendly Pen 2006,13.00
1062,RC Flexible Silicon Bottle 1953,224.00
1064,RC Flipper Bottle 1948,192.00
1065,RC Football Bottle 1954,400.00
1068,RC Golden Top Pen 2004,56.00
1069,RC Golden Top Pen 2004 Pink&Black,56.00
1071,RC Leather Finishing Pen 1993,144.00
1073,RC Leather Sewing Pen 2005,104.00
1075,RC Long Clip Pen 2002,45.00
1079,RC Metallic Balck Roller Pen 1988,40.00
1080,RC Mobile Stand with Tea Coaster  1722,176.00
1081,RC Motivational Bottle 1952 orange&blue,176.00
1082,RC Motivational Bottle 1952 pink&blue,176.00
1083,RC Motivational Bottle 1952 Purple&Blue,176.00
1084,RC Motivational Bottle 1952 purple&green,176.00
1085,RC Parker Pen 1973,45.00
1086,RC Parker Roller Pen 1975,51.00
1087,RC Parker Silver Clip Pen 2007,40.00
1091,RC Plane TOP Pen 1994,45.00
1094,RC Purse Pen Keychain Belt Set PPKB 812,768.00
1095,RC Purse Pen Keychain Cardholder Set PPKC 810,600.00
1097,RC Purse Pen Keychain Set PPK 805,400.00
1099,RC Retractable Pen 2003,32.00
1102,RC Round Top Pen 2006,43.00
1106,RC Shiny Black Pen 2011,40.00
1107,RC Shiny Gold Pem 2010,40.00
1108,RC Slender Gold Pen 2008,48.00
1109,RC Slim 3 Ring Pen 2005,40.00
1110,RC Slim Cross Pen 1968,27.00
1112,RC Slim Cross Pen 1968 yellow&silver,27.00
1114,RC Slim Touch Pen 1955,18.00
1115,RC Slim Touch Pen 1956,19.00
1116,RC Slim Touch Pen 1957,19.00
1117,RC Slim Touch Pen 1958,29.00
1118,RC Slim Touch Pen 1959,22.00
1119,RC Slim Touch Pen 1960,26.00
1120,RC Slim Touch Pen 1985,320.00
1121,RC Small Top Pen 1978,40.00
1125,RC Speed Pen 2002,48.00
1127,RC Structure Parker Pen 1974 Golden,56.00
1128,RC Structure Parker Pen 1974 silver,56.00
1129,RC TIE Shape Clip Pen 1980,88.00
1130,RC TIE Shape Clip Pen 1981,104.00
1131,RC Tik Tik colourful Pen 2003,51.00
1134,RC Tik Tik Pen 1983,72.00
1135,RC Tik Tik Pen 1984,56.00
1138,RC tik Tik Rubber Coated Pen 1986,32.00
1140,RC tik Tik Rubber Coated Pen 1987,24.00
1142,RC Tik Tik Side Cut Clip Pen 2034,32.00
1144,RC Touch Pen Single ring 1966,35.00
1146,RC Touch Pen Three Ring 1961,40.00
1147,RC Touch Pen Three Ring 1962,45.00
1151,RC U Clip Mettalic Parker Pen 1976,72.00
1152,RC U Clip Parker Rose gold Pen 1977,72.00
1153,RC U Clip Pen 1979,40.00
1155,Silver Metal Table Clock Pen Stand,400.00
1156,silver plane pen holder stand,608.00
1157,Tik Tik Side Cut Clip Pen 2034 Black,32.00
1158,Wooden Table Clock With Pen Stand,520.00
1187,rc steel bottle 1848 blue,192.00
2023,RC - Crock Bottle (500ml) - 1843,608.00
2024,RC - Cup Bottle (500ml) - 1844,288.00
2122,RC - Ring Bottle (500ml) - 1854,416.00
2355,RC - Pendrive - 1636 bamboo,0.00
